Label,Precision,Recall,F1 Score
0.0,0.7566425120772947,0.9122679286494357,0.8271992077900644
1.0,0.5309734513274337,0.33860045146726864,0.41350792556857346
2.0,0.6864406779661016,0.45251396648044695,0.5454545454545455
